player_id,name,span,bating_style,playing_role,country,matches,innings,runs,strike_rate,average_score,not_out,100s,50,4s,6s,years_played,batting_score,Runs_per_year,Runs_per_inning,Runs_by_6s,6s_runs_percentage,Runs_by_4s,4s_runs_percentage
380354,Anamul Haque,2012-2022,right-hand bat,wicketkeeper batter,Bangladesh,44,41.0,1254.0,74.15,30.58,0.0,3.0,5.0,122.0,27.0,10,43.301957414303445,125.4,30.585365853658537,162.0,12.918660287081341,488.0,38.91547049441787
536936,Litton Das,2015-2022,right-hand bat,wicketkeeper batter,Bangladesh,60,60.0,1912.0,87.58,34.76,5.0,5.0,7.0,207.0,29.0,7,49.76754618276933,273.14285714285717,31.866666666666667,174.0,9.100418410041842,828.0,43.30543933054393
56025,Mahmudullah,2007-2022,right-hand bat,allrounder,Bangladesh,215,187.0,4879.0,76.32,35.61,50.0,3.0,27.0,362.0,76.0,15,48.56169391584026,325.26666666666665,26.09090909090909,456.0,9.3461774953884,1448.0,29.67821274851404
629063,Mehidy Hasan Miraz,2017-2022,right-hand bat,allrounder,Bangladesh,67,42.0,756.0,78.91,22.9,9.0,1.0,2.0,66.0,15.0,5,35.49826146743934,151.2,18.0,90.0,11.904761904761903,264.0,34.92063492063492
373696,Mominul Haque,2012-2018,left-hand bat,middle-order batter,Bangladesh,28,26.0,557.0,74.36,22.28,1.0,0.0,3.0,60.0,1.0,6,34.28685430463576,92.83333333333333,21.423076923076923,6.0,1.0771992818671454,240.0,43.08797127468581
550133,Mosaddek Hossain,2016-2022,right-hand bat,middle-order batter,Bangladesh,43,35.0,634.0,82.76,25.36,10.0,0.0,3.0,58.0,13.0,6,38.823411024787276,105.66666666666667,18.114285714285714,78.0,12.302839116719243,232.0,36.59305993690852
56029,Mushfiqur Rahim,2006-2022,right-hand bat,wicketkeeper batter,Bangladesh,239,224.0,6811.0,78.77,36.42,37.0,8.0,42.0,535.0,85.0,16,49.8099383627051,425.6875,30.40625,510.0,7.487887241227425,2140.0,31.419762149464102
330902,Mustafizur Rahman,2015-2022,left-hand bat,bowler,Bangladesh,82,36.0,105.0,57.37,7.5,22.0,0.0,0.0,13.0,0.0,7,13.265762293818407,15.0,2.9166666666666665,0.0,0.0,52.0,49.523809523809526
373538,Sabbir Rahman,2014-2019,right-hand bat,middle-order batter,Bangladesh,66,59.0,1333.0,91.23,25.63,7.0,1.0,6.0,153.0,24.0,5,40.01754064692795,266.6,22.593220338983052,144.0,10.802700675168792,612.0,45.91147786946736
352048,Gulbadin Naib,2011-2022,right-hand bat,batting allrounder,Afghanistan,75,64.0,1150.0,73.15,20.53,8.0,0.0,5.0,90.0,28.0,11,32.06168872758327,104.54545454545455,17.96875,168.0,14.608695652173914,360.0,31.30434782608696
440970,Hashmatullah Shahidi,2013-2022,left-hand bat,top-order batter,Afghanistan,53,53.0,1505.0,65.57,32.71,7.0,0.0,13.0,128.0,9.0,9,43.646615791615794,167.22222222222223,28.39622641509434,54.0,3.5880398671096345,512.0,34.01993355481728
25913,Mohammad Nabi,2009-2022,right-hand bat,allrounder,Afghanistan,136,121.0,2968.0,85.33,27.48,13.0,1.0,15.0,189.0,92.0,13,41.571995390479564,228.30769230769232,24.52892561983471,552.0,18.598382749326145,756.0,25.471698113207548
974109,Mujeeb Ur Rahman,2017-2022,right-hand bat,bowler,Afghanistan,55,27.0,97.0,75.78,6.92,13.0,0.0,0.0,10.0,2.0,5,12.681925030229745,19.4,3.5925925925925926,12.0,12.371134020618557,40.0,41.23711340206185
524049,Najibullah Zadran,2012-2022,left-hand bat,middle-order batter,Afghanistan,82,75.0,1974.0,90.26,31.33,12.0,1.0,15.0,170.0,66.0,10,46.51444691175261,197.4,26.32,396.0,20.060790273556233,680.0,34.447821681864234
533956,Rahmat Shah,2013-2022,right-hand bat,allrounder,Afghanistan,88,84.0,3083.0,70.5,38.06,3.0,5.0,22.0,265.0,35.0,9,49.43312453942521,342.55555555555554,36.70238095238095,210.0,6.811547194291275,1060.0,34.38209536166072
793463,Rashid Khan,2015-2022,right-hand bat,bowling allrounder,Afghanistan,86,68.0,1134.0,105.29,20.25,12.0,0.0,5.0,96.0,40.0,7,33.96722160267644,162.0,16.676470588235293,240.0,21.164021164021165,384.0,33.86243386243386
318339,Samiullah Shinwari,2009-2019,right-hand bat,allrounder,Afghanistan,84,74.0,1811.0,65.49,29.2,12.0,0.0,11.0,137.0,26.0,10,40.39091773154504,181.1,24.472972972972972,156.0,8.61402540033131,548.0,30.25952512424075
277912,TA Boult,2012-2022,right-hand bat,bowler,New Zealand,99,45.0,191.0,77.95,9.09,24.0,0.0,0.0,19.0,6.0,10,16.28137637867647,19.1,4.2444444444444445,36.0,18.848167539267017,76.0,39.79057591623037
55395,C de Grandhomme,2012-2022,right-hand bat,allrounder,New Zealand,45,35.0,742.0,106.15,26.5,7.0,0.0,4.0,58.0,29.0,10,42.41198643045608,74.2,21.2,174.0,23.450134770889488,232.0,31.266846361185983
493773,LH Ferguson,2016-2023,right-hand bat,bowler,New Zealand,53,25.0,97.0,49.23,6.92,11.0,0.0,0.0,5.0,1.0,7,12.13434016028495,13.857142857142858,3.88,6.0,6.185567010309279,20.0,20.618556701030926
226492,MJ Guptill,2009-2022,right-hand bat,opening batter,New Zealand,198,195.0,7346.0,87.29,41.73,19.0,18.0,39.0,750.0,187.0,13,56.465845605332504,565.0769230769231,37.67179487179487,1122.0,15.273618295671113,3000.0,40.83855159270352
506612,MJ Henry,2014-2022,right-hand bat,bowler,New Zealand,65,25.0,223.0,92.91,13.11,8.0,0.0,0.0,19.0,9.0,8,22.97774193548387,27.875,8.92,54.0,24.2152466367713,76.0,34.08071748878923
388802,TWM Latham,2012-2023,left-hand bat,wicketkeeper batter,New Zealand,123,113.0,3467.0,85.28,35.02,14.0,7.0,18.0,298.0,49.0,11,49.650965918537,315.1818181818182,30.68141592920354,294.0,8.479953850591288,1192.0,34.381309489472166
355269,JDS Neesham,2013-2022,left-hand bat,batting allrounder,New Zealand,71,61.0,1409.0,98.94,28.18,11.0,0.0,6.0,123.0,35.0,9,43.8660981749528,156.55555555555554,23.098360655737704,210.0,14.9041873669269,492.0,34.918381831085874
539511,HM Nicholls,2015-2023,left-hand bat,top-order batter,New Zealand,61,59.0,1652.0,81.82,34.41,11.0,1.0,13.0,153.0,16.0,8,48.44577475694743,206.5,28.0,96.0,5.811138014527845,612.0,37.04600484261501
526441,MR Adair,2019-2023,right-hand bat,bowling allrounder,Ireland,29,22.0,261.0,105.66,20.07,9.0,0.0,0.0,17.0,14.0,4,33.73254115962777,65.25,11.863636363636363,84.0,32.18390804597701,68.0,26.053639846743295
303423,A Balbirnie,2010-2023,right-hand bat,batter,Ireland,89,86.0,2665.0,75.71,33.31,6.0,8.0,13.0,257.0,34.0,13,46.26490735644836,205.0,30.988372093023255,204.0,7.654784240150094,1028.0,38.574108818011254
348034,GH Dockrell,2010-2023,right-hand bat,allrounder,Ireland,105,73.0,928.0,77.98,18.93,24.0,0.0,3.0,76.0,17.0,13,30.464583634299863,71.38461538461539,12.712328767123287,102.0,10.991379310344827,304.0,32.758620689655174
417381,AR McBrine,2014-2023,left-hand bat,bowler,Ireland,70,46.0,672.0,71.33,19.76,12.0,0.0,2.0,60.0,11.0,9,30.94699308376331,74.66666666666667,14.608695652173912,66.0,9.821428571428571,240.0,35.714285714285715
348059,BJ McCarthy,2016-2021,right-hand bat,bowler,Ireland,38,26.0,162.0,56.84,8.1,6.0,0.0,0.0,13.0,1.0,5,14.179365568216816,32.4,6.230769230769231,6.0,3.7037037037037033,52.0,32.098765432098766
1005257,Simi Singh,2017-2022,right-hand bat,bowling allrounder,Ireland,35,30.0,593.0,72.76,22.8,4.0,1.0,1.0,47.0,7.0,5,34.72013394725827,118.6,19.766666666666666,42.0,7.082630691399664,188.0,31.703204047217536
303427,PR Stirling,2008-2023,right-hand bat,batting allrounder,Ireland,142,138.0,5230.0,86.54,38.74,3.0,13.0,26.0,562.0,121.0,15,53.52106641123883,348.6666666666667,37.89855072463768,726.0,13.881453154875716,2248.0,42.98279158699809
961407,HT Tector,2020-2023,right-hand bat,middle-order batter,Ireland,26,25.0,1071.0,80.7,53.55,5.0,3.0,8.0,85.0,21.0,3,64.37966480446929,357.0,42.84,126.0,11.76470588235294,340.0,31.746031746031743
928057,LJ Tucker,2019-2023,right-hand bat,wicketkeeper batter,Ireland,32,26.0,483.0,71.66,20.12,2.0,0.0,2.0,31.0,8.0,4,31.418592285901067,120.75,18.576923076923077,48.0,9.937888198757763,124.0,25.672877846790893
8917,MM Ali,2014-2023,left-hand bat,batting allrounder,England,126,100.0,2154.0,100.09,25.34,15.0,3.0,6.0,186.0,74.0,9,40.441371282787216,239.33333333333334,21.54,444.0,20.61281337047354,744.0,34.540389972144844
8608,JM Anderson,2002-2015,left-hand bat,bowler,England,194,79.0,273.0,48.66,7.58,43.0,0.0,0.0,23.0,0.0,13,13.11674253200569,21.0,3.4556962025316458,0.0,0.0,92.0,33.6996336996337
297433,JM Bairstow,2011-2022,right-hand bat,wicketkeeper batter,England,95,86.0,3634.0,104.12,46.58,8.0,11.0,15.0,408.0,89.0,11,64.36509090909091,330.3636363636364,42.25581395348837,534.0,14.694551458447991,1632.0,44.90919097413318
297628,SW Billings,2015-2022,right-hand bat,wicketkeeper batter,England,28,23.0,702.0,91.05,33.42,2.0,1.0,5.0,74.0,8.0,7,48.89356471438901,100.28571428571429,30.52173913043478,48.0,6.837606837606838,296.0,42.16524216524217
10617,SCJ Broad,2006-2016,left-hand bat,bowler,England,121,68.0,529.0,74.61,12.3,25.0,0.0,0.0,35.0,10.0,10,21.118467380048326,52.9,7.779411764705882,60.0,11.342155009451796,140.0,26.46502835538752
308967,JC Buttler,2012-2023,right-hand bat,wicketkeeper batter,England,162,135.0,4536.0,118.09,41.61,26.0,11.0,23.0,368.0,156.0,11,61.53694301815905,412.3636363636364,33.6,936.0,20.634920634920633,1472.0,32.451499118165785
249866,AD Hales,2014-2019,right-hand bat,opening batter,England,70,67.0,2419.0,95.72,37.79,3.0,6.0,14.0,276.0,50.0,5,54.187084113549545,483.8,36.1044776119403,300.0,12.401818933443572,1104.0,45.638693675072346
288992,CJ Jordan,2013-2022,right-hand bat,bowler,England,35,24.0,184.0,87.2,12.26,9.0,0.0,0.0,12.0,5.0,9,21.497526643876935,20.444444444444443,7.666666666666667,30.0,16.304347826086957,48.0,26.08695652173913
495964,RP Burl,2017-2023,left-hand bat,middle-order batter,Zimbabwe,37,32.0,617.0,76.26,22.85,5.0,0.0,4.0,50.0,13.0,6,35.16377762082534,102.83333333333333,19.28125,78.0,12.641815235008103,200.0,32.414910858995135
293831,RW Chakabva,2008-2022,right-hand bat,wicketkeeper batter,Zimbabwe,61,57.0,1188.0,67.84,22.0,3.0,1.0,4.0,93.0,9.0,14,33.2252894033838,84.85714285714286,20.842105263157894,54.0,4.545454545454546,372.0,31.313131313131315
425639,TL Chatara,2013-2023,right-hand bat,bowler,Zimbabwe,80,54.0,192.0,46.94,6.62,25.0,0.0,0.0,16.0,2.0,10,11.60353995519044,19.2,3.5555555555555554,12.0,6.25,64.0,33.33333333333333
55354,CJ Chibhabha,2005-2023,right-hand bat,top-order batter,Zimbabwe,109,109.0,2474.0,63.22,23.12,2.0,0.0,16.0,238.0,14.0,18,33.8579198517489,137.44444444444446,22.69724770642202,84.0,3.395311236863379,952.0,38.48019401778496
55412,CR Ervine,2010-2023,left-hand bat,middle-order batter,Zimbabwe,107,103.0,2948.0,75.01,32.39,12.0,3.0,18.0,275.0,37.0,13,45.24346182495344,226.76923076923077,28.62135922330097,222.0,7.530529172320217,1100.0,37.3134328358209
541224,LM Jongwe,2014-2023,right-hand bat,bowler,Zimbabwe,37,31.0,352.0,80.0,13.03,4.0,0.0,0.0,35.0,6.0,9,22.40997527679243,39.111111111111114,11.35483870967742,36.0,10.227272727272728,140.0,39.77272727272727
938959,W Madhevere,2020-2023,right-hand bat,allrounder,Zimbabwe,26,25.0,487.0,73.45,19.48,0.0,0.0,4.0,43.0,3.0,3,30.793199182180135,162.33333333333334,19.48,18.0,3.696098562628337,172.0,35.318275154004105
235516,R Mutumbami,2014-2020,right-hand bat,wicketkeeper batter,Zimbabwe,36,34.0,618.0,72.96,19.31,2.0,0.0,3.0,61.0,13.0,6,30.53771756800693,103.0,18.176470588235293,78.0,12.62135922330097,244.0,39.482200647249186
827051,B Muzarabani,2018-2022,right-hand bat,bowler,Zimbabwe,33,27.0,64.0,35.75,3.36,8.0,0.0,0.0,5.0,1.0,4,6.142674507798517,16.0,2.3703703703703702,6.0,9.375,20.0,31.25
230555,SSJ Brooks,2022-2022,right-hand bat,top-order batter,West Indies,21,21.0,694.0,76.34,34.7,1.0,1.0,4.0,57.0,15.0,1,47.712500000000006,694.0,33.04761904761905,90.0,12.968299711815561,228.0,32.85302593659942
333066,J Charles,2012-2016,right-hand bat,wicketkeeper batter,West Indies,48,48.0,1283.0,83.8,26.72,0.0,2.0,4.0,140.0,35.0,4,40.52001447701773,320.75,26.729166666666668,210.0,16.36788776305534,560.0,43.6477007014809
391832,RL Chase,2017-2022,right-hand bat,allrounder,West Indies,33,26.0,553.0,73.34,24.04,3.0,0.0,2.0,40.0,3.0,5,36.21058944341754,110.6,21.26923076923077,18.0,3.25497287522604,160.0,28.933092224231466
670025,SO Hetmyer,2017-2021,left-hand bat,top-order batter,West Indies,47,44.0,1447.0,106.39,35.29,3.0,5.0,4.0,111.0,52.0,4,52.99976143421795,361.75,32.88636363636363,312.0,21.56185210780926,444.0,30.684174153420873
391485,JO Holder,2013-2022,right-hand bat,bowling allrounder,West Indies,131,107.0,2042.0,90.51,24.3,23.0,0.0,11.0,147.0,64.0,9,38.31361379670761,226.88888888888889,19.08411214953271,384.0,18.8050930460333,588.0,28.795298726738494
581379,SD Hope,2016-2022,right-hand bat,wicketkeeper batter,West Indies,104,99.0,4308.0,74.68,48.95,11.0,13.0,21.0,360.0,62.0,6,59.13752325487341,718.0,43.515151515151516,372.0,8.635097493036211,1440.0,33.42618384401114
530812,AJ Hosein,2021-2022,left-hand bat,bowler,West Indies,29,22.0,234.0,76.97,13.76,5.0,0.0,1.0,13.0,10.0,1,23.346350710900474,234.0,10.636363636363637,60.0,25.64102564102564,52.0,22.22222222222222
670031,AS Joseph,2016-2022,right-hand bat,bowler,West Indies,54,31.0,332.0,71.55,18.44,13.0,0.0,0.0,25.0,14.0,6,29.322858095343932,55.333333333333336,10.709677419354838,84.0,25.301204819277107,100.0,30.120481927710845
670035,BA King,2019-2022,right-hand bat,top-order batter,West Indies,20,20.0,431.0,75.88,23.94,2.0,0.0,3.0,40.0,11.0,3,36.39685834502104,143.66666666666666,21.55,66.0,15.31322505800464,160.0,37.12296983758701
431901,E Lewis,2016-2021,left-hand bat,opening batter,West Indies,57,54.0,1847.0,82.97,36.94,4.0,4.0,10.0,185.0,52.0,5,51.12020348594779,369.4,34.2037037037037,312.0,16.89225771521386,740.0,40.064970221981596
56143,Shakib Al Hasan,2006-2022,left-hand bat,allrounder,Bangladesh,224,212.0,6835.0,82.15,37.55,30.0,9.0,50.0,619.0,46.0,16,51.54106098579783,427.1875,32.240566037735846,276.0,4.038039502560351,2476.0,36.225310899780546
436677,Soumya Sarkar,2014-2021,left-hand bat,middle-order batter,Bangladesh,61,58.0,1768.0,97.35,32.14,3.0,2.0,11.0,203.0,43.0,7,48.32541508996834,252.57142857142858,30.482758620689655,258.0,14.592760180995477,812.0,45.92760180995475
56194,Tamim Iqbal,2007-2022,left-hand bat,opening batter,Bangladesh,231,229.0,8074.0,78.65,37.03,11.0,14.0,55.0,890.0,101.0,15,50.35286134163209,538.2666666666667,35.25764192139738,606.0,7.505573445627942,3560.0,44.092147634381966
538506,Taskin Ahmed,2014-2022,left-hand bat,bowler,Bangladesh,52,25.0,95.0,47.73,5.93,9.0,0.0,0.0,6.0,2.0,8,10.54934401789042,11.875,3.8,12.0,12.631578947368421,24.0,25.263157894736842
326434,AT Carey,2018-2022,left-hand bat,wicketkeeper batter,Australia,62,57.0,1629.0,88.05,35.41,11.0,1.0,7.0,152.0,13.0,4,50.50786489551272,407.25,28.57894736842105,78.0,4.788213627992634,608.0,37.323511356660525
489889,PJ Cummins,2011-2022,right-hand bat,bowler,Australia,75,47.0,324.0,73.97,10.12,15.0,0.0,0.0,23.0,5.0,11,17.804171720775358,29.454545454545453,6.8936170212765955,30.0,9.25925925925926,92.0,28.39506172839506
5334,AJ Finch,2013-2022,right-hand bat,top-order batter,Australia,146,142.0,5406.0,87.73,38.89,3.0,17.0,30.0,532.0,129.0,9,53.89069183383352,600.6666666666666,38.070422535211264,774.0,14.317425083240842,2128.0,39.3636699963004
334337,PSP Handscomb,2017-2019,right-hand bat,batter,Australia,22,20.0,632.0,97.38,33.26,1.0,1.0,4.0,46.0,6.0,2,49.58448867115738,316.0,31.6,36.0,5.69620253164557,184.0,29.11392405063291
288284,JR Hazlewood,2010-2022,left-hand bat,bowler,Australia,69,23.0,81.0,77.88,20.25,19.0,0.0,0.0,8.0,1.0,12,32.14246407826353,6.75,3.5217391304347827,6.0,7.4074074074074066,32.0,39.50617283950617
530011,TM Head,2016-2022,left-hand bat,middle-order batter,Australia,51,48.0,1823.0,95.74,40.51,3.0,3.0,13.0,190.0,32.0,6,56.93104440366972,303.8333333333333,37.979166666666664,192.0,10.532089961601756,760.0,41.68952276467361
215155,UT Khawaja,2013-2019,left-hand bat,top-order batter,Australia,40,39.0,1554.0,84.09,42.0,2.0,2.0,12.0,150.0,13.0,6,56.01998572448251,259.0,39.84615384615385,78.0,5.019305019305019,600.0,38.61003861003861
787987,M Labuschagne,2020-2022,right-hand bat,batting allrounder,Australia,27,26.0,804.0,84.54,32.16,1.0,1.0,6.0,50.0,1.0,2,46.59479691516709,402.0,30.923076923076923,6.0,0.7462686567164178,200.0,24.875621890547265
272450,MR Marsh,2011-2022,right-hand bat,allrounder,Australia,69,65.0,1814.0,89.58,32.39,9.0,1.0,13.0,149.0,46.0,11,47.57721078953841,164.9090909090909,27.907692307692308,276.0,15.214994487320837,596.0,32.8555678059537
325026,GJ Maxwell,2012-2022,right-hand bat,batting allrounder,Australia,127,116.0,3482.0,124.98,34.13,14.0,2.0,23.0,332.0,128.0,10,53.617841744704926,348.2,30.017241379310345,768.0,22.056289488799543,1328.0,38.139000574382536
39037,Azhar Ali,2011-2018,right-hand bat,top-order batter,Pakistan,53,53.0,1845.0,74.45,36.9,3.0,3.0,12.0,168.0,14.0,7,49.34360125729681,263.57142857142856,34.81132075471698,84.0,4.5528455284552845,672.0,36.422764227642276
348144,Babar Azam,2015-2023,right-hand bat,batter,Pakistan,95,93.0,4813.0,89.03,59.41,12.0,17.0,24.0,437.0,48.0,8,71.26478442468337,601.625,51.75268817204301,288.0,5.983793891543736,1748.0,36.31830459173073
681117,Faheem Ashraf,2017-2021,left-hand bat,bowling allrounder,Pakistan,31,22.0,218.0,83.84,11.47,3.0,0.0,0.0,18.0,7.0,4,20.179305424404575,54.5,9.909090909090908,42.0,19.26605504587156,72.0,33.02752293577982
512191,Fakhar Zaman,2017-2023,left-hand bat,opening batter,Pakistan,65,65.0,2785.0,92.52,45.65,4.0,8.0,15.0,318.0,49.0,6,61.13538394731128,464.1666666666667,42.84615384615385,294.0,10.556552962298026,1272.0,45.67324955116697
40250,Fawad Alam,2007-2015,left-hand bat,top-order batter,Pakistan,38,36.0,966.0,74.47,40.25,12.0,1.0,6.0,59.0,6.0,8,52.25623256624826,120.75,26.833333333333332,36.0,3.7267080745341614,236.0,24.43064182194617
318788,Haris Sohail,2013-2023,left-hand bat,middle-order batter,Pakistan,45,44.0,1749.0,85.48,44.84,5.0,2.0,14.0,138.0,28.0,10,58.82325352977287,174.9,39.75,168.0,9.605488850771868,552.0,31.56089193825043
681305,Hasan Ali,2016-2022,right-hand bat,bowler,Pakistan,60,35.0,363.0,121.4,15.12,11.0,0.0,2.0,24.0,24.0,6,26.890829182537356,60.5,10.371428571428572,144.0,39.66942148760331,96.0,26.446280991735538
568276,Imam-ul-Haq,2017-2023,left-hand bat,top-order batter,Pakistan,56,56.0,2545.0,82.68,50.9,6.0,9.0,14.0,201.0,24.0,6,63.00961221739782,424.1666666666667,45.44642857142857,144.0,5.658153241650295,804.0,31.591355599214143
348148,Mohammad Nawaz (3),2016-2023,left-hand bat,allrounder,Pakistan,25,20.0,264.0,86.55,16.5,4.0,0.0,1.0,16.0,7.0,7,27.716157205240176,37.714285714285715,13.2,42.0,15.909090909090908,64.0,24.242424242424242
323389,Mohammad Rizwan,2015-2023,right-hand bat,wicketkeeper batter,Pakistan,52,47.0,1247.0,86.35,32.81,9.0,2.0,8.0,99.0,10.0,8,47.551921785834175,155.875,26.53191489361702,60.0,4.811547714514836,396.0,31.756214915797916
26421,R Ashwin,2010-2022,right-hand bat,bowling allrounder,India,113,63.0,707.0,86.96,16.44,20.0,0.0,1.0,60.0,7.0,12,27.65227079303675,58.916666666666664,11.222222222222221,42.0,5.9405940594059405,240.0,33.946251768033946
625383,JJ Bumrah,2016-2022,right-hand bat,bowler,India,72,20.0,47.0,50.53,6.71,13.0,0.0,0.0,5.0,1.0,6,11.846830887491265,7.833333333333333,2.35,6.0,12.76595744680851,20.0,42.5531914893617
28235,S Dhawan,2010-2022,left-hand bat,opening batter,India,167,164.0,6793.0,91.35,44.11,10.0,17.0,39.0,842.0,79.0,12,59.492817067769074,566.0833333333334,41.420731707317074,474.0,6.977771235094951,3368.0,49.580450463712644
642519,SS Iyer,2017-2023,right-hand bat,top-order batter,India,42,38.0,1631.0,96.5,46.6,3.0,2.0,14.0,162.0,32.0,6,62.849755415793155,271.8333333333333,42.921052631578945,192.0,11.771919068056407,648.0,39.73022685469038
234675,RA Jadeja,2009-2022,left-hand bat,allrounder,India,171,115.0,2447.0,86.52,32.62,40.0,0.0,13.0,179.0,50.0,13,47.37757931844888,188.23076923076923,21.278260869565216,300.0,12.259910093992644,716.0,29.260318757662446
30045,KD Karthik,2004-2019,right-hand bat,wicketkeeper batter,India,94,79.0,1752.0,73.24,30.2,21.0,0.0,9.0,176.0,15.0,15,42.76581593194122,116.8,22.17721518987342,90.0,5.136986301369863,704.0,40.182648401826484
253802,V Kohli,2008-2023,right-hand bat,top-order batter,India,271,262.0,12809.0,93.77,57.69,40.0,46.0,64.0,1204.0,137.0,15,71.43260662881289,853.9333333333333,48.88931297709924,822.0,6.417362791787025,4816.0,37.59856351003201
559235,Kuldeep Yadav,2017-2023,left-hand bat,bowler,India,78,28.0,146.0,66.06,12.16,16.0,0.0,0.0,12.0,0.0,6,20.539238046535413,24.333333333333332,5.214285714285714,0.0,0.0,48.0,32.87671232876712
326016,B Kumar,2012-2022,right-hand bat,bowler,India,121,55.0,552.0,73.89,14.15,16.0,0.0,1.0,46.0,8.0,10,23.751556110858697,55.2,10.036363636363637,48.0,8.695652173913043,184.0,33.33333333333333
481896,Mohammed Shami,2013-2023,right-hand bat,bowler,India,87,41.0,190.0,83.33,8.63,19.0,0.0,0.0,14.0,8.0,10,15.640232709873858,19.0,4.634146341463414,48.0,25.263157894736842,56.0,29.47368421052631
625371,HH Pandya,2016-2023,right-hand bat,allrounder,India,71,52.0,1518.0,113.28,33.73,7.0,0.0,9.0,115.0,58.0,7,51.98196585266308,216.85714285714286,29.192307692307693,348.0,22.92490118577075,460.0,30.303030303030305
931581,RR Pant,2018-2022,left-hand bat,wicketkeeper batter,India,30,26.0,865.0,106.65,34.6,1.0,1.0,5.0,90.0,26.0,4,52.24906194690266,216.25,33.26923076923077,156.0,18.034682080924856,360.0,41.61849710982659
24598,EJG Morgan,2006-2022,left-hand bat,middle-order batter,England,248,230.0,7701.0,91.16,39.29,34.0,14.0,47.0,654.0,220.0,16,54.91263165963971,481.3125,33.482608695652175,1320.0,17.140631086871835,2616.0,33.96961433580054
244497,AU Rashid,2009-2023,right-hand bat,bowler,England,122,56.0,703.0,100.42,18.5,18.0,0.0,1.0,71.0,10.0,14,31.24402959973091,50.214285714285715,12.553571428571429,60.0,8.534850640113797,284.0,40.39829302987198
303669,JE Root,2013-2022,right-hand bat,top-order batter,England,158,147.0,6207.0,86.93,50.05,23.0,16.0,36.0,496.0,46.0,9,63.52528106292889,689.6666666666666,42.224489795918366,276.0,4.44659255679072,1984.0,31.963911712582565
298438,JJ Roy,2015-2023,right-hand bat,opening batter,England,113,107.0,4116.0,105.97,39.57,3.0,11.0,21.0,489.0,80.0,8,57.62309880445238,514.5,38.467289719626166,480.0,11.661807580174926,1956.0,47.521865889212826
311158,BA Stokes,2011-2022,left-hand bat,allrounder,England,105,90.0,2924.0,95.08,38.98,15.0,3.0,21.0,238.0,88.0,11,55.29193495449798,265.8181818181818,32.48888888888889,528.0,18.057455540355676,952.0,32.55813953488372
308251,DJ Willey,2015-2023,left-hand bat,bowling allrounder,England,64,37.0,538.0,89.36,24.45,15.0,0.0,2.0,46.0,15.0,8,38.39472805553115,67.25,14.54054054054054,90.0,16.728624535315987,184.0,34.20074349442379
247235,CR Woakes,2011-2023,right-hand bat,allrounder,England,110,76.0,1345.0,90.51,24.9,22.0,0.0,5.0,100.0,19.0,12,39.05552378476735,112.08333333333333,17.69736842105263,114.0,8.475836431226766,400.0,29.739776951672862
784367,KIC Asalanka,2021-2023,left-hand bat,batting allrounder,Sri Lanka,22,21.0,791.0,89.68,41.63,2.0,1.0,6.0,61.0,13.0,2,56.863580839235404,395.5,37.666666666666664,78.0,9.860935524652339,244.0,30.847029077117572
552152,PVD Chameera,2015-2022,right-hand bat,bowler,Sri Lanka,42,29.0,224.0,63.63,12.44,11.0,0.0,0.0,16.0,3.0,7,20.811284343367948,32.0,7.724137931034483,18.0,8.035714285714286,64.0,28.57142857142857
300628,LD Chandimal,2010-2022,right-hand bat,wicketkeeper batter,Sri Lanka,157,142.0,3854.0,74.24,31.85,21.0,4.0,24.0,262.0,43.0,12,44.57619002733528,321.1666666666667,27.140845070422536,258.0,6.694343539180073,1048.0,27.192527244421385
465793,DM de Silva,2016-2023,right-hand bat,allrounder,Sri Lanka,65,61.0,1393.0,78.34,26.28,8.0,0.0,8.0,144.0,9.0,7,39.35720129994265,199.0,22.83606557377049,54.0,3.876525484565686,576.0,41.34960516870065
784379,PWH de Silva,2017-2023,right-hand bat,allrounder,Sri Lanka,37,34.0,710.0,106.92,24.48,5.0,0.0,4.0,63.0,24.0,6,39.83868493150685,118.33333333333333,20.88235294117647,144.0,20.281690140845072,252.0,35.49295774647888
429754,N Dickwella,2014-2022,left-hand bat,wicketkeeper batter,Sri Lanka,55,52.0,1604.0,93.41,31.45,1.0,2.0,9.0,187.0,12.0,8,47.05661540925838,200.5,30.846153846153847,72.0,4.488778054862843,748.0,46.633416458852864
784369,WIA Fernando,2016-2023,right-hand bat,opening batter,Sri Lanka,29,29.0,990.0,91.92,34.13,0.0,3.0,5.0,100.0,16.0,7,49.77754224514082,141.42857142857142,34.13793103448276,96.0,9.696969696969697,400.0,40.4040404040404
345821,MD Gunathilaka,2015-2022,left-hand bat,allrounder,Sri Lanka,47,46.0,1601.0,86.82,35.57,1.0,2.0,11.0,172.0,20.0,7,50.46470136449056,228.71428571428572,34.80434782608695,120.0,7.495315427857589,688.0,42.973141786383515
623695,C Karunaratne,2021-2023,right-hand bat,bowling allrounder,Sri Lanka,21,20.0,408.0,84.82,29.14,6.0,0.0,1.0,27.0,8.0,2,43.37758511758511,204.0,20.4,48.0,11.76470588235294,108.0,26.47058823529412
227772,FDM Karunaratne,2011-2021,left-hand bat,opening batter,Sri Lanka,34,30.0,767.0,74.46,27.39,2.0,0.0,6.0,71.0,1.0,10,40.04829455081001,76.7,25.566666666666666,6.0,0.7822685788787485,284.0,37.027379400260756
49619,RAS Lakmal,2009-2021,right-hand bat,bowler,Sri Lanka,86,48.0,244.0,60.39,9.38,22.0,0.0,0.0,18.0,3.0,12,16.237873011322918,20.333333333333332,5.083333333333333,18.0,7.377049180327869,72.0,29.508196721311474
49764,AD Mathews,2008-2021,right-hand bat,allrounder,Sri Lanka,218,188.0,5835.0,83.3,41.67,48.0,3.0,40.0,461.0,89.0,13,55.551108265983835,448.84615384615387,31.03723404255319,534.0,9.151670951156813,1844.0,31.602399314481577
629074,BKG Mendis,2016-2023,right-hand bat,wicketkeeper batter,Sri Lanka,93,91.0,2654.0,84.79,31.22,6.0,2.0,20.0,263.0,40.0,7,45.636476165847775,379.14285714285717,29.164835164835164,240.0,9.04295403165034,1052.0,39.63828183873399
1028655,P Nissanka,2021-2023,right-hand bat,top-order batter,Sri Lanka,21,21.0,649.0,80.82,32.45,1.0,1.0,5.0,75.0,3.0,2,46.30721285424208,324.5,30.904761904761905,18.0,2.773497688751926,300.0,46.22496147919877
372116,T Bavuma,2016-2023,right-hand bat,middle-order batter,South Africa,23,22.0,910.0,86.99,45.5,2.0,3.0,2.0,84.0,8.0,7,59.74858479885274,130.0,41.36363636363637,48.0,5.274725274725275,336.0,36.92307692307693
379143,Q de Kock,2013-2023,left-hand bat,wicketkeeper batter,South Africa,137,137.0,5901.0,96.06,45.39,7.0,17.0,29.0,679.0,90.0,10,61.64953552492047,590.1,43.07299270072993,540.0,9.15099135739705,2716.0,46.02609727164887
269280,RR Hendricks,2018-2023,right-hand bat,opening batter,South Africa,27,27.0,694.0,77.62,27.76,2.0,1.0,5.0,70.0,6.0,5,40.894499905105334,138.8,25.703703703703702,36.0,5.187319884726225,280.0,40.345821325648416
436757,H Klaasen,2018-2023,right-hand bat,wicketkeeper batter,South Africa,33,31.0,933.0,98.21,35.88,5.0,1.0,5.0,82.0,20.0,5,52.55835334476844,186.6,30.096774193548388,120.0,12.861736334405144,328.0,35.155412647374064
605680,JN Malan,2020-2022,right-hand bat,top-order batter,South Africa,23,22.0,958.0,83.3,47.9,2.0,3.0,4.0,97.0,16.0,2,60.82423780487805,479.0,43.54545454545455,96.0,10.020876826722338,388.0,40.50104384133611
600498,AK Markram,2017-2023,right-hand bat,opening batter,South Africa,47,44.0,1189.0,88.53,29.0,3.0,0.0,5.0,121.0,24.0,6,43.68876031651493,198.16666666666666,27.022727272727273,144.0,12.111017661900757,484.0,40.70647603027754
321777,DA Miller,2010-2023,left-hand bat,middle-order batter,South Africa,152,130.0,3780.0,102.18,42.0,40.0,5.0,20.0,283.0,104.0,13,59.53058676654182,290.7692307692308,29.076923076923077,624.0,16.507936507936506,1132.0,29.947089947089943
265564,WD Parnell,2009-2023,left-hand bat,bowler,South Africa,72,42.0,570.0,79.27,20.35,14.0,0.0,1.0,42.0,9.0,14,32.385956635213816,40.714285714285715,13.571428571428571,54.0,9.473684210526317,168.0,29.47368421052631
540316,AL Phehlukwayo,2016-2022,left-hand bat,bowling allrounder,South Africa,74,47.0,742.0,86.37,23.93,16.0,0.0,2.0,67.0,27.0,6,37.47659292837715,123.66666666666667,15.787234042553191,162.0,21.83288409703504,268.0,36.118598382749326
550215,K Rabada,2015-2023,left-hand bat,bowler,South Africa,88,36.0,317.0,82.76,15.85,16.0,0.0,0.0,26.0,7.0,8,26.60472568705,39.625,8.805555555555555,42.0,13.249211356466878,104.0,32.80757097791798
364343,CA Young,2014-2022,right-hand bat,bowler,Ireland,36,22.0,82.0,74.54,6.83,10.0,0.0,0.0,7.0,2.0,8,12.513412805702348,10.25,3.727272727272727,12.0,14.634146341463413,28.0,34.146341463414636
554691,AR Patel,2014-2023,left-hand bat,bowling allrounder,India,49,29.0,381.0,105.24,19.05,9.0,0.0,2.0,17.0,19.0,9,32.26039102099928,42.333333333333336,13.137931034482758,114.0,29.92125984251969,68.0,17.84776902887139
422108,KL Rahul,2016-2023,right-hand bat,opening batter,India,51,49.0,1870.0,87.34,44.52,7.0,5.0,12.0,142.0,44.0,7,58.97735173669043,267.14285714285717,38.16326530612245,264.0,14.117647058823529,568.0,30.374331550802143
34102,RG Sharma,2007-2023,right-hand bat,top-order batter,India,241,234.0,9782.0,89.89,48.91,34.0,30.0,48.0,896.0,273.0,16,63.350430835734876,611.375,41.8034188034188,1638.0,16.745041913719074,3584.0,36.63872418728276
1070173,Shubman Gill,2019-2023,right-hand bat,opening batter,India,21,21.0,1254.0,109.8,73.76,4.0,4.0,5.0,142.0,27.0,4,88.2419699280889,313.5,59.714285714285715,162.0,12.918660287081341,568.0,45.29505582137161
475281,SN Thakur,2017-2023,right-hand bat,bowler,India,34,21.0,298.0,109.96,19.86,6.0,0.0,1.0,29.0,9.0,6,33.64359266676937,49.666666666666664,14.19047619047619,54.0,18.120805369127517,116.0,38.92617449664429
376116,UT Yadav,2010-2018,right-hand bat,bowler,India,75,24.0,79.0,58.95,7.9,14.0,0.0,0.0,8.0,1.0,8,13.932834704562454,9.875,3.2916666666666665,6.0,7.59493670886076,32.0,40.50632911392405
299572,Sikandar Raza,2013-2023,right-hand bat,batting allrounder,Zimbabwe,126,120.0,3724.0,84.52,36.5,18.0,6.0,20.0,307.0,86.0,10,50.98297802016196,372.4,31.033333333333335,516.0,13.856068743286789,1228.0,32.975295381310424
392945,DT Tiripano,2014-2022,right-hand bat,bowler,Zimbabwe,38,29.0,364.0,66.3,17.33,8.0,0.0,1.0,30.0,8.0,8,27.4776754753079,45.5,12.551724137931034,48.0,13.186813186813188,120.0,32.967032967032964
55870,SC Williams,2005-2022,left-hand bat,middle-order batter,Zimbabwe,147,142.0,4266.0,82.13,34.68,19.0,5.0,32.0,366.0,44.0,17,48.76754387466826,250.94117647058823,30.04225352112676,264.0,6.188466947960619,1464.0,34.31786216596343
502714,MJ Santner,2015-2023,left-hand bat,bowling allrounder,New Zealand,93,70.0,1248.0,89.39,28.36,26.0,0.0,3.0,94.0,33.0,8,43.05903014861996,156.0,17.82857142857143,198.0,15.865384615384615,376.0,30.128205128205128
232364,TG Southee,2008-2023,right-hand bat,bowler,New Zealand,154,93.0,720.0,96.38,12.41,35.0,0.0,1.0,56.0,26.0,15,21.98870852100377,48.0,7.741935483870968,156.0,21.666666666666668,224.0,31.11111111111111
38699,LRPL Taylor,2006-2022,right-hand bat,middle-order batter,New Zealand,236,220.0,8607.0,83.32,47.55,39.0,21.0,51.0,713.0,147.0,16,60.546588217314884,537.9375,39.122727272727275,882.0,10.24747298710352,2852.0,33.13581968165447
277906,KS Williamson,2010-2023,right-hand bat,top-order batter,New Zealand,161,153.0,6554.0,80.97,47.83,16.0,13.0,42.0,594.0,51.0,13,60.136569875776395,504.15384615384613,42.83660130718954,306.0,4.6689044858101925,2376.0,36.252670125114435
230559,KA Pollard,2007-2022,right-hand bat,batting allrounder,West Indies,123,113.0,2706.0,94.41,26.01,9.0,3.0,13.0,171.0,135.0,15,40.78399103139014,180.4,23.946902654867255,810.0,29.933481152993345,684.0,25.277161862527713
604302,N Pooran,2019-2022,left-hand bat,wicketkeeper batter,West Indies,52,49.0,1555.0,96.1,36.16,6.0,1.0,11.0,122.0,61.0,3,52.54764857099652,518.3333333333334,31.73469387755102,366.0,23.536977491961412,488.0,31.382636655948552
820351,R Powell,2016-2022,right-hand bat,middle-order batter,West Indies,45,42.0,897.0,83.05,23.0,3.0,1.0,2.0,57.0,38.0,6,36.02357378595002,149.5,21.357142857142858,228.0,25.418060200668897,228.0,25.418060200668897
230553,KAJ Roach,2008-2022,right-hand bat,bowler,West Indies,95,60.0,308.0,51.85,12.83,36.0,0.0,0.0,24.0,6.0,14,20.570052566481138,22.0,5.133333333333334,36.0,11.688311688311687,96.0,31.16883116883117
267192,SPD Smith,2010-2022,right-hand bat,middle-order batter,Australia,139,124.0,4917.0,87.64,45.11,15.0,12.0,29.0,431.0,47.0,12,59.56219058380413,409.75,39.653225806451616,282.0,5.735204392922514,1724.0,35.06202969290217
311592,MA Starc,2010-2022,left-hand bat,bowler,Australia,107,60.0,469.0,86.05,12.34,22.0,0.0,1.0,34.0,12.0,12,21.58465291188129,39.083333333333336,7.816666666666666,72.0,15.351812366737741,136.0,28.997867803837952
325012,MP Stoinis,2015-2022,right-hand bat,batting allrounder,Australia,57,52.0,1296.0,92.63,28.8,7.0,1.0,6.0,109.0,44.0,7,43.93879601416454,185.14285714285714,24.923076923076923,264.0,20.37037037037037,436.0,33.641975308641975
230193,MS Wade,2012-2021,left-hand bat,wicketkeeper batter,Australia,97,83.0,1867.0,81.59,26.29,12.0,1.0,11.0,129.0,34.0,9,39.76642751205042,207.44444444444446,22.49397590361446,204.0,10.926620246384575,516.0,27.637921799678626
219889,DA Warner,2009-2022,left-hand bat,opening batter,Australia,141,139.0,6007.0,95.25,45.16,6.0,19.0,27.0,638.0,92.0,13,61.27042233459155,462.0769230769231,43.21582733812949,552.0,9.189279174296654,2552.0,42.48376893624105
379504,A Zampa,2016-2022,right-hand bat,bowler,Australia,76,35.0,206.0,62.04,9.36,13.0,0.0,0.0,17.0,1.0,6,16.26594957983193,34.333333333333336,5.885714285714286,6.0,2.912621359223301,68.0,33.00970873786408
437316,MD Shanaka,2016-2023,right-hand bat,allrounder,Sri Lanka,48,44.0,1067.0,94.67,26.67,4.0,2.0,3.0,88.0,36.0,7,41.616101862535025,152.42857142857142,24.25,216.0,20.243673851921272,352.0,32.98969072164948
301236,HDRL Thirimanne,2010-2019,left-hand bat,top-order batter,Sri Lanka,127,106.0,3194.0,72.27,34.71,14.0,4.0,21.0,246.0,25.0,9,46.896461020751545,354.8888888888889,30.132075471698112,150.0,4.69630557294928,984.0,30.807764558547273
227760,Sarfaraz Ahmed,2007-2021,right-hand bat,wicketkeeper batter,Pakistan,117,91.0,2315.0,87.85,33.55,22.0,2.0,11.0,174.0,12.0,14,48.556301482701805,165.35714285714286,25.439560439560438,72.0,3.1101511879049677,696.0,30.064794816414686
922943,Shadab Khan,2017-2022,right-hand bat,allrounder,Pakistan,53,31.0,596.0,80.0,28.38,10.0,0.0,4.0,35.0,12.0,5,41.897028972135075,119.2,19.225806451612904,72.0,12.080536912751679,140.0,23.48993288590604
318845,RR Rossouw,2014-2016,left-hand bat,top-order batter,South Africa,36,35.0,1239.0,94.36,38.71,3.0,3.0,7.0,131.0,22.0,2,54.898558653340345,619.5,35.4,132.0,10.653753026634384,524.0,42.292171105730425
337790,HE van der Dussen,2019-2023,right-hand bat,top-order batter,South Africa,41,35.0,1679.0,90.31,67.16,10.0,4.0,11.0,117.0,30.0,4,77.03333460341652,419.75,47.97142857142857,180.0,10.72066706372841,468.0,27.873734365693863
